<?xml version="1.0" encoding="UTF-8"?>
<project-private xmlns="http://www.netbeans.org/ns/project-private/1">
    <editor-bookmarks xmlns="http://www.netbeans.org/ns/editor-bookmarks/2" lastBookmarkId="0"/>
    <open-files xmlns="http://www.netbeans.org/ns/projectui-open-files/2">
        <group>
            <file>file:/C:/Users/yassir/OneDrive/Documenti/NetBeansProjects/ProjectAlgorithm/src/unionfind/Node.java</file>
            <file>file:/C:/Users/yassir/OneDrive/Documenti/NetBeansProjects/ProjectAlgorithm/src/graph/Weight.java</file>
            <file>file:/C:/Users/yassir/OneDrive/Documenti/NetBeansProjects/ProjectAlgorithm/src/unionfind/UnionFindSet.java</file>
            <file>file:/C:/Users/yassir/OneDrive/Documenti/NetBeansProjects/ProjectAlgorithm/src/graph/Kruskal.java</file>
            <file>file:/C:/Users/yassir/OneDrive/Documenti/NetBeansProjects/ProjectAlgorithm/src/graph/Graph.java</file>
            <file>file:/C:/Users/yassir/OneDrive/Documenti/NetBeansProjects/ProjectAlgorithm/src/graph/Main.java</file>
        </group>
    </open-files>
</project-private>
